[
    {
        "id": "1761208343245",
        "fio": "Иванов И.И.",
        "master_id": "1761208319246"
    },
    {
        "id": "1761208350301",
        "fio": "Иванов",
        "master_id": "1761208319246"
    },
    {
        "id": "1761211115140",
        "fio": "Иванов Пиздюк",
        "master_id": "1761208330405"
    },
    {
        "id": "1762873110337",
        "fio": "111",
        "master_id": "1761208319246"
    },
    {
        "id": "1762925994023",
        "fio": "Залупупа П.И.",
        "master_id": "1762925971415"
    }
]