[
    {
        "id": "1759400036003",
        "name": "\u0442\u0435\u0441\u0442",
        "permissions": {
            "edit_maps": true,
            "edit_syntax": false,
            "view_global_problems": false,
            "add_global_problems": false,
            "view_operators": false,
            "edit_operators": false,
            "telnet": false,
            "flood": false,
            "configure_switch": false,
            "reset_firewall": false,
            "edit_dhcp_mode": false,
            "inventory": false,
            "add_discrepancies": false,
            "global_report_filter": false,
            "add_global_no_call": false
        }
    },
    {
        "id": "1759400036004",
        "name": "IT",
        "permissions": {
            "edit_maps": true,
            "edit_syntax": true,
            "view_global_problems": true,
            "add_global_problems": true,
            "view_operators": true,
            "edit_operators": true,
            "telnet": true,
            "flood": true,
            "configure_switch": true,
            "reset_firewall": true,
            "edit_dhcp_mode": true,
            "inventory": true,
            "add_discrepancies": true,
            "global_report_filter": true,
            "add_global_no_call": true
        }
    }
]